Number of Records,Time Duration
1,0.180831
5,0.447625
10,0.905064
20,1.789475
50,4.476053
100,8.975921
1000,94.048546
