Number of Records,Time Duration
1,0.177305
5,0.444153
10,0.900342
20,1.815412
50,4.537558
100,9.055353
1000,90.316534
