Number of Records,Time Duration
1,0.064797
5,0.31819
10,0.645286
20,1.289227
50,3.286957
100,6.455129
1000,64.314759
