Number of Records,Time Duration
1,0.086202
5,0.387551
10,0.633694
20,1.278573
50,3.21818
100,6.340087
1000,63.817037
